<beans xmlns="http://www.springframework.org/schema/beans"
       xmlns:xsi="http://www.w3.org/2001/XMLSchema-instance"
       xmlns:context="http://www.springframework.org/schema/context"
       xmlns:mvc="http://www.springframework.org/schema/mvc"
       xmlns:aop="http://www.springframework.org/schema/aop"
       xmlns:task="http://www.springframework.org/schema/task"
       xsi:schemaLocation="http://www.springframework.org/schema/beans http://www.springframework.org/schema/beans/spring-beans.xsd 
       http://www.springframework.org/schema/context http://www.springframework.org/schema/context/spring-context.xsd 
       http://www.springframework.org/schema/mvc http://www.springframework.org/schema/mvc/spring-mvc.xsd 
       http://www.springframework.org/schema/aop http://www.springframework.org/schema/aop/spring-aop.xsd
       http://www.springframework.org/schema/task http://www.springframework.org/schema/task/spring-task.xsd">
    <!-- 包扫描 -->
    <context:component-scan base-package="com.freeshop"/>
    <mvc:annotation-driven />
    <context:annotation-config />
    <task:annotation-driven/>
    
    <import resource="classpath*:applicationContext-jpa.xml" />
    
    <import resource="classpath*:ActiveMQ.xml" />

    <!-- post请求拦截验证 -->
    <mvc:interceptors>
<!--         <bean class="com.freeshop.interceptor.SecurityInterceptorForWeChatLogin" > -->
<!--          	<property name="url" value="/error/often.json"/> -->
<!--         </bean> -->
        <bean class="com.freeshop.interceptor.SecurityInterceptor" >
           <property name="url" value="/error/token.json"/>
        </bean>
        <bean class="org.springframework.web.servlet.i18n.LocaleChangeInterceptor" />
    </mvc:interceptors>

	<bean id="localeResolver" class="org.springframework.web.servlet.i18n.SessionLocaleResolver" />
	
    <bean id="propertyConfigurer"
          class="com.freeshop.config.FreeShopPropertyPlaceholderConfigurer"
          lazy-init="false">
        <property name="locations">
            <list>
                <value>classpath*:application.properties</value>
            </list>
        </property>
    </bean>

    <bean id="messageSource" class="org.springframework.context.support.ResourceBundleMessageSource">
        <property name="basenames">
            <list>
                <value>messages</value>
            </list>
        </property>  
        <property name="useCodeAsDefaultMessage" value="true"/>         
    </bean>
    
    <bean class="org.springframework.web.servlet.view.InternalResourceViewResolver">
        <property name="prefix" value="/WEB-INF/pages/"/>
        <property name="suffix" value=".jsp"/>
    </bean>
    
    <bean id="multipartResolver" class="org.springframework.web.multipart.commons.CommonsMultipartResolver" />
    
	<bean id="sendMsgThreadPoolTaskExecutor" class="org.springframework.scheduling.concurrent.ThreadPoolTaskExecutor">
		<property name="corePoolSize" value="8"/>
		<property name="maxPoolSize" value="50"/>
		<property name="keepAliveSeconds" value="300"/>
	</bean>
	
	<bean id="travelRouteThreadPoolTaskExecutor" class="org.springframework.scheduling.concurrent.ThreadPoolTaskExecutor">
		<property name="corePoolSize" value="8"/>
		<property name="maxPoolSize" value="50"/>
		<property name="keepAliveSeconds" value="300"/>
	</bean>
	
	<aop:aspectj-autoproxy/>
</beans>