<?xml version="1.0" encoding="UTF-8"?>
<beans xmlns="http://www.springframework.org/schema/beans"
    xmlns:context="http://www.springframework.org/schema/context"
    xmlns:xsi="http://www.w3.org/2001/XMLSchema-instance" xmlns:amq="http://activemq.apache.org/schema/core"
    xmlns:jms="http://www.springframework.org/schema/jms"
    xsi:schemaLocation="http://www.springframework.org/schema/beans http://www.springframework.org/schema/beans/spring-beans.xsd   
        http://www.springframework.org/schema/context http://www.springframework.org/schema/context/spring-context.xsd
        http://www.springframework.org/schema/jms http://www.springframework.org/schema/jms/spring-jms.xsd
        http://activemq.apache.org/schema/core http://activemq.apache.org/schema/core/activemq-core.xsd">

    <!-- ActiveMQ 连接工厂 -->
    <amq:connectionFactory id="amqConnectionFactory" brokerURL="tcp://localhost:61616" userName="admin" password="admin"  />

    <!-- Spring Caching连接工厂 -->
    <bean id="connectionFactory" class="org.springframework.jms.connection.CachingConnectionFactory">
        <!-- 目标ConnectionFactory对应真实的可以产生JMS Connection的ConnectionFactory -->  
        <property name="targetConnectionFactory" ref="amqConnectionFactory"></property>
        <!-- Session缓存数量 -->
        <property name="sessionCacheSize" value="100" />
    </bean>

    <!-- Topic消息队列  -->
    <bean id="topicJmsTemplate" class="org.springframework.jms.core.JmsTemplate">
        <constructor-arg ref="connectionFactory" />
        <property name="pubSubDomain" value="true" />
    </bean>

	<!-- 定义Topic监听器 	 -->
	<jms:listener-container destination-type="topic" container-type="default" connection-factory="connectionFactory" acknowledge="auto" error-handler="listenerErrorHandler">
<!-- 		<jms:listener destination="cardqu.topic" ref="pointActMessageTopicReceiver" /> -->
<!-- 		<jms:listener destination="cardqu.topic" ref="pointActMessageOverdueTopicReceiver"/> -->
<!-- 		<jms:listener destination="cardqu.topic" ref="pointMessageReceiver"/> -->
<!-- 		<jms:listener destination="cardqu.topic" ref="kindsOfMessageReceiver"/> -->
<!-- 		<jms:listener destination="cardqu.topic" ref="prepayTradeMessageReceiver"/> -->
<!-- 		<jms:listener destination="cardqu.topic" ref="pointsLevelPromoteMessageReceiver"/> -->
<!-- 		<jms:listener destination="cardqu.topic" ref="prepayMessagesReceiver"/> -->
<!-- 		<jms:listener destination="cardqu.topic" ref="recommendCouponsReceiver"/> -->
<!-- 		<jms:listener destination="cardqu.topic" ref="wxAppFirstLoginReceiver"/> -->
	</jms:listener-container>

</beans>