<?xml version="1.0" encoding="UTF-8"?>
<beans xmlns="http://www.springframework.org/schema/beans"
	xmlns:xsi="http://www.w3.org/2001/XMLSchema-instance" xmlns:tx="http://www.springframework.org/schema/tx"
	xmlns:jpa="http://www.springframework.org/schema/data/jpa"
	xsi:schemaLocation="http://www.springframework.org/schema/beans http://www.springframework.org/schema/beans/spring-beans.xsd http://www.springframework.org/schema/tx http://www.springframework.org/schema/tx/spring-tx.xsd http://www.springframework.org/schema/data/jpa http://www.springframework.org/schema/data/jpa/spring-jpa.xsd">

	<jpa:repositories base-package="com.freeshop.repository" />

	<!-- 数据库连接池 -->
	<bean id="dataSource" class="org.apache.commons.dbcp.BasicDataSource"
		destroy-method="close" scope="singleton">
		<property name="driverClassName" value="${mysql.driverClassName}" />
		<property name="url" value="${mysql.url}" />
		<property name="username" value="${mysql.username}" />
		<property name="password" value="${mysql.password}" />
		<property name="minIdle" value="${mysql.minIdle}" />
		<property name="maxActive" value="${mysql.maxActive}" />
		<property name="maxIdle" value="${mysql.maxIdle}" />
		<property name="validationQuery" value="${mysql.validationQuery}" />
	</bean>

	<!-- 日志数据库连接池 -->
	<bean id="logDataSource" class="org.apache.commons.dbcp.BasicDataSource"
		destroy-method="close" scope="singleton">
		<property name="driverClassName" value="${mysql.driverClassName}" />
		<property name="url" value="${loggingdb.url}" />
		<property name="username" value="${loggingdb.username}" />
		<property name="password" value="${loggingdb.password}" />
		<property name="minIdle" value="${mysql.minIdle}" />
		<property name="maxActive" value="${mysql.maxActive}" />
		<property name="maxIdle" value="${mysql.maxIdle}" />
		<property name="validationQuery" value="${mysql.validationQuery}" />
	</bean>

	<!-- 配置实体管理工厂Bean -->
	<bean id="entityManagerFactory"
		class="org.springframework.orm.jpa.LocalContainerEntityManagerFactoryBean">
		<property name="dataSource" ref="dataSource" />
		<!--<property name="persistenceXmlLocation" value="META-INF/persistence.xml"/> -->
		<property name="persistenceUnitName" value="persistenceKZ" />
		<property name="persistenceProvider" ref="persistenceProvider" />
		<property name="jpaVendorAdapter" ref="jpaVendorAdapter" />
		<property name="jpaDialect" ref="jpaDialect" />
		<property name="jpaProperties">
			<props>
				<prop key="hibernate.show_sql">false</prop>
				<prop key="hibernate.dialect">org.hibernate.dialect.MySQL5Dialect</prop>
			</props>
		</property>
	</bean>
	<!-- 指定持久化实现厂商类,这里指定hibernate -->
	<bean id="persistenceProvider" class="org.hibernate.ejb.HibernatePersistence" />
	<!-- 设置实现厂商JPA实现的特定属性 -->
	<bean id="jpaVendorAdapter"
		class="org.springframework.orm.jpa.vendor.HibernateJpaVendorAdapter">
		<property name="generateDdl" value="false" />
		<property name="database" value="HSQL" />
	</bean>
	<!-- 指定 hibernate dialect -->
	<bean id="jpaDialect" class="org.springframework.orm.jpa.vendor.HibernateJpaDialect" />
	<bean id="transactionManager" class="org.springframework.orm.jpa.JpaTransactionManager">
		<property name="entityManagerFactory" ref="entityManagerFactory" />
	</bean>

	<tx:annotation-driven transaction-manager="transactionManager" />

</beans>