<?xml version="1.0" encoding="UTF-8"?>
<Configuration status="error">
	<Appenders>
		<Console name="Console" target="SYSTEM_OUT">
			<ThresholdFilter level="trace" onMatch="ACCEPT"
				onMismatch="DENY" />
			<PatternLayout
				pattern="%d{yy-MM-dd HH:mm:ss.SSS} [%t] %-5level %logger{36} - %msg%n" />
		</Console>

		<RollingFile name="RollingFile" fileName="../logs/freeshop_info.log"
			filePattern="../logs/$${date:yyyy-MM}/app-%d{MM-dd-yyyy}-%i.log.gz">
			<PatternLayout
				pattern="%d{yy-MM-dd HH:mm:ss.SSS} [%t] %-5level %logger{36} - %msg%n" />
			<SizeBasedTriggeringPolicy size="500 MB" />
		</RollingFile>

		<JDBC name="DatabaseAppender" tableName="log_prod">
			<ConnectionFactory class="com.freeshop.config.LoggingConnectionFactory"
				method="getDatabaseConnection" />
			<Column name="user_id" pattern="%X{user_id}" />
			<Column name="level" pattern="%level" />
			<Column name="category" pattern="%X{category}" />
			<Column name="logger" pattern="%logger" />
			<Column name="message" pattern="%message" />
			<Column name="create_time" isEventTimestamp="true" />
			<Column name="comment" pattern="%X{comment}" />
		</JDBC>
	</Appenders>

	<Loggers>
		<Logger level="warn" name="com.freeshop">
			<Appender-ref ref="DatabaseAppender" />
		</Logger>
		
		<Root level="info">
			<Appender-ref ref="RollingFile" />
			<Appender-ref ref="Console" />
		</Root>
		
	</Loggers>
</Configuration>  